{"ticker":"NVDA","signalType":"momentum","lookbackYears":3,"tradingDaysScanned":772,"signalOccurrences":20,"horizons":[{"horizonDays":1,"sampleSize":20,"meanForwardReturnPct":-0.6435452971088986,"medianForwardReturnPct":-0.19678178584111955,"pValue":0.15828545169341712,"pValueFdrAdjusted":0.4308040237309707,"significantAfterFdr":false,"bootstrapCiLower":-1.633115404755858,"bootstrapCiUpper":0.16602934425377883,"ciExcludesZero":false,"trainMeanReturnPct":-0.35118419597798206,"testMeanReturnPct":-1.5206286005016483,"sameSignOutOfSample":true,"passesAllThreeBars":false,"winRate":45,"avgWinPct":0.852656715684688,"avgLossPct":-1.8677105803036513,"profitFactor":0.3735205171940589,"expectancy":-0.6435452971088986,"maxDrawdownPct":14.32742074519128,"largestWinPct":1.7089056555104183,"largestLossPct":-6.23453073784201},{"horizonDays":3,"sampleSize":20,"meanForwardReturnPct":-5.134439302533989,"medianForwardReturnPct":0.35204844933674734,"pValue":0.2584824142385824,"pValueFdrAdjusted":0.4308040237309707,"significantAfterFdr":false,"bootstrapCiLower":-15.234592204755682,"bootstrapCiUpper":1.2157236347265374,"ciExcludesZero":false,"trainMeanReturnPct":-6.738746074482474,"testMeanReturnPct":-0.3215189866885359,"sameSignOutOfSample":true,"passesAllThreeBars":false,"winRate":55.00000000000001,"avgWinPct":2.8201401264149824,"avgLossPct":-14.856703049027175,"profitFactor":0.2320055749186344,"expectancy":-5.134439302533989,"maxDrawdownPct":93.54203017242857,"largestWinPct":8.697284298199307,"largestLossPct":-90.04238499293584},{"horizonDays":5,"sampleSize":20,"meanForwardReturnPct":-5.37772819602493,"medianForwardReturnPct":0.029536631098795785,"pValue":0.2369708545803959,"pValueFdrAdjusted":0.4308040237309707,"significantAfterFdr":false,"bootstrapCiLower":-15.283344269273798,"bootstrapCiUpper":1.1726606849184367,"ciExcludesZero":false,"trainMeanReturnPct":-7.35811020101619,"testMeanReturnPct":0.5634178189488543,"sameSignOutOfSample":false,"passesAllThreeBars":false,"winRate":50,"avgWinPct":3.866689515824782,"avgLossPct":-14.622145907874636,"profitFactor":0.26444063273519985,"expectancy":-5.37772819602493,"maxDrawdownPct":94.06042931669182,"largestWinPct":9.186250823632763,"largestLossPct":-89.76880170519972},{"horizonDays":10,"sampleSize":19,"meanForwardReturnPct":-4.632109189737906,"medianForwardReturnPct":0.2495960295475557,"pValue":0.3557343677099618,"pValueFdrAdjusted":0.44466795963745226,"significantAfterFdr":false,"bootstrapCiLower":-15.478961453786377,"bootstrapCiUpper":3.176206388822542,"ciExcludesZero":false,"trainMeanReturnPct":-6.203914782961927,"testMeanReturnPct":1.262161784852174,"sameSignOutOfSample":false,"passesAllThreeBars":false,"winRate":52.63157894736842,"avgWinPct":6.9066845511451245,"avgLossPct":-17.452991124052385,"profitFactor":0.4397007877429648,"expectancy":-4.632109189737906,"maxDrawdownPct":93.31979147369297,"largestWinPct":16.184186264813842,"largestLossPct":-89.31963511339414},{"horizonDays":20,"sampleSize":19,"meanForwardReturnPct":-0.03146128767639685,"medianForwardReturnPct":7.129663834503145,"pValue":0.9956162052652999,"pValueFdrAdjusted":0.9956162052652999,"significantAfterFdr":false,"bootstrapCiLower":-12.43914869450289,"bootstrapCiUpper":9.705107853646732,"ciExcludesZero":false,"trainMeanReturnPct":-0.4327380910901947,"testMeanReturnPct":1.4733267251253448,"sameSignOutOfSample":false,"passesAllThreeBars":false,"winRate":57.89473684210527,"avgWinPct":14.511015375154933,"avgLossPct":-20.027366699069475,"profitFactor":0.9962690772404486,"expectancy":-0.03146128767639685,"maxDrawdownPct":93.81539092033742,"largestWinPct":30.570176278063816,"largestLossPct":-89.72225171295806}],"reversionStats":null,"tradeLog":[{"dateKey":"2023-10-06","entryClose":457.56,"returnsByHorizon":[{"horizonDays":1,"returnPct":-1.0555992656700726},{"horizonDays":3,"returnPct":2.290410000874206},{"horizonDays":5,"returnPct":-0.6359821662732811},{"horizonDays":10,"returnPct":-9.598741148701812},{"horizonDays":20,"returnPct":-1.6609843517790066}],"isWin":false,"overnightGapPct":-0.9478513876454819,"dayHigh":457.83,"dayLow":440.38,"dayHighTimeClock":null,"dayLowTimeClock":null,"daysToRevert":null,"maxAdverseExcursionPct":null},{"dateKey":"2023-12-14","entryClose":483.5,"returnsByHorizon":[{"horizonDays":1,"returnPct":1.1726990692864563},{"horizonDays":3,"returnPct":2.5791106514994886},{"horizonDays":5,"returnPct":1.311271975180967},{"horizonDays":10,"returnPct":2.4260599793174804},{"horizonDays":20,"returnPct":16.611168562564643}],"isWin":true,"overnightGapPct":0.5489021956087915,"dayHigh":486.66,"dayLow":474.31,"dayHighTimeClock":null,"dayLowTimeClock":null,"daysToRevert":null,"maxAdverseExcursionPct":null},{"dateKey":"2024-01-08","entryClose":522.47,"returnsByHorizon":[{"horizonDays":1,"returnPct":1.6919631749191182},{"horizonDays":3,"returnPct":4.936168583842127},{"horizonDays":5,"returnPct":7.913373016632538},{"horizonDays":10,"returnPct":14.569257565027657},{"horizonDays":20,"returnPct":30.570176278063816}],"isWin":true,"overnightGapPct":0.8902016704013046,"dayHigh":522.725,"dayLow":494.935,"dayHighTimeClock":null,"dayLowTimeClock":null,"daysToRevert":null,"maxAdverseExcursionPct":null},{"dateKey":"2024-01-22","entryClose":596.57,"returnsByHorizon":[{"horizonDays":1,"returnPct":0.3386023433964131},{"horizonDays":3,"returnPct":3.3575271971436664},{"horizonDays":5,"returnPct":4.730375312201404},{"horizonDays":10,"returnPct":16.184186264813842},{"horizonDays":20,"returnPct":16.474177380692957}],"isWin":true,"overnightGapPct":0.9523009035511601,"dayHigh":603.3,"dayLow":590.7,"dayHighTimeClock":null,"dayLowTimeClock":null,"daysToRevert":null,"maxAdverseExcursionPct":null},{"dateKey":"2024-02-05","entryClose":693.12,"returnsByHorizon":[{"horizonDays":1,"returnPct":-1.576927516158811},{"horizonDays":3,"returnPct":0.5193905817174548},{"horizonDays":5,"returnPct":4.308056325023086},{"horizonDays":10,"returnPct":0.2495960295475557},{"horizonDays":20,"returnPct":24.046341181902118}],"isWin":true,"overnightGapPct":3.124338704313909,"dayHigh":694.92,"dayLow":672.35,"dayHighTimeClock":null,"dayLowTimeClock":null,"daysToRevert":null,"maxAdverseExcursionPct":null},{"dateKey":"2024-03-04","entryClose":852.45,"returnsByHorizon":[{"horizonDays":1,"returnPct":0.8610475687723523},{"horizonDays":3,"returnPct":8.697284298199307},{"horizonDays":5,"returnPct":0.6950554284708726},{"horizonDays":10,"returnPct":3.7726552877001542},{"horizonDays":20,"returnPct":4.9433984397911885}],"isWin":true,"overnightGapPct":2.3175224639179093,"dayHigh":876.55,"dayLow":837.42,"dayHighTimeClock":null,"dayLowTimeClock":null,"daysToRevert":null,"maxAdverseExcursionPct":null},{"dateKey":"2024-06-05","entryClose":1224.49,"returnsByHorizon":[{"horizonDays":1,"returnPct":-1.110666481555579},{"horizonDays":3,"returnPct":-90.04238499293584},{"horizonDays":5,"returnPct":-89.76880170519972},{"horizonDays":10,"returnPct":-89.31963511339414},{"horizonDays":20,"returnPct":-89.72225171295806}],"isWin":false,"overnightGapPct":1.619787864473752,"dayHigh":1224.49,"dayLow":1175.54,"dayHighTimeClock":null,"dayLowTimeClock":null,"daysToRevert":null,"maxAdverseExcursionPct":null},{"dateKey":"2025-01-06","entryClose":149.49,"returnsByHorizon":[{"horizonDays":1,"returnPct":-6.23453073784201},{"horizonDays":3,"returnPct":-9.07084085892033},{"horizonDays":5,"returnPct":-11.84694628403238},{"horizonDays":10,"returnPct":-1.6455950230784722},{"horizonDays":20,"returnPct":-16.41246906147569}],"isWin":false,"overnightGapPct":2.9012602132668786,"dayHigh":152.145,"dayLow":147.86,"dayHighTimeClock":null,"dayLowTimeClock":null,"daysToRevert":null,"maxAdverseExcursionPct":null},{"dateKey":"2025-01-22","entryClose":147.03,"returnsByHorizon":[{"horizonDays":1,"returnPct":0.12242399510304484},{"horizonDays":3,"returnPct":-19.39740189077059},{"horizonDays":5,"returnPct":-15.833503366659865},{"horizonDays":10,"returnPct":-15.013942732775625},{"horizonDays":20,"returnPct":-4.7201251445283265}],"isWin":false,