{"ticker":"MSFT","signalType":"momentum","lookbackYears":3,"tradingDaysScanned":772,"signalOccurrences":24,"horizons":[{"horizonDays":1,"sampleSize":24,"meanForwardReturnPct":-0.5548416302430101,"medianForwardReturnPct":-0.2951915302147812,"pValue":0.08300538455652773,"pValueFdrAdjusted":0.41502692278263864,"significantAfterFdr":false,"bootstrapCiLower":-1.2042307916668442,"bootstrapCiUpper":0.03244504927543725,"ciExcludesZero":false,"trainMeanReturnPct":-0.4746740581496554,"testMeanReturnPct":-0.7953443465230743,"sameSignOutOfSample":true,"passesAllThreeBars":false,"winRate":45.83333333333333,"avgWinPct":0.7689338337286884,"avgLossPct":-1.674959330526755,"profitFactor":0.3884490261878384,"expectancy":-0.5548416302430101,"maxDrawdownPct":12.762574124419901,"largestWinPct":1.99254910815083,"largestLossPct":-4.15436066712995},{"horizonDays":3,"sampleSize":24,"meanForwardReturnPct":-0.14627922447540495,"medianForwardReturnPct":0.42058394428655566,"pValue":0.7737110224474935,"pValueFdrAdjusted":0.8767251715934881,"significantAfterFdr":false,"bootstrapCiLower":-1.176472219898707,"bootstrapCiUpper":0.8427491693409074,"ciExcludesZero":false,"trainMeanReturnPct":0.21145414429634452,"testMeanReturnPct":-1.2194793307906535,"sameSignOutOfSample":false,"passesAllThreeBars":false,"winRate":54.166666666666664,"avgWinPct":1.7019489256923035,"avgLossPct":-2.3305488564917884,"profitFactor":0.8630560047288042,"expectancy":-0.14627922447540495,"maxDrawdownPct":12.50556946695446,"largestWinPct":3.018131907823447,"largestLossPct":-7.033964558721344},{"horizonDays":5,"sampleSize":24,"meanForwardReturnPct":-0.10876433292680492,"medianForwardReturnPct":1.0010713821500836,"pValue":0.8767251715934881,"pValueFdrAdjusted":0.8767251715934881,"significantAfterFdr":false,"bootstrapCiLower":-1.5655660602117878,"bootstrapCiUpper":1.2018691634062677,"ciExcludesZero":false,"trainMeanReturnPct":0.831882349801647,"testMeanReturnPct":-2.9307043811121605,"sameSignOutOfSample":false,"passesAllThreeBars":false,"winRate":58.333333333333336,"avgWinPct":2.2212212370646034,"avgLossPct":-3.370744130914777,"profitFactor":0.922558821172377,"expectancy":-0.10876433292680492,"maxDrawdownPct":23.089565036274216,"largestWinPct":4.939680705049492,"largestLossPct":-10.580264072272417},{"horizonDays":10,"sampleSize":24,"meanForwardReturnPct":-0.8261930233212134,"medianForwardReturnPct":-0.766979086166677,"pValue":0.3648171182900044,"pValueFdrAdjusted":0.6080285304833407,"significantAfterFdr":false,"bootstrapCiLower":-2.733167576824282,"bootstrapCiUpper":0.9308420260704234,"ciExcludesZero":false,"trainMeanReturnPct":0.6540159700698823,"testMeanReturnPct":-5.266820003494501,"sameSignOutOfSample":false,"passesAllThreeBars":false,"winRate":37.5,"avgWinPct":3.548231143513547,"avgLossPct":-3.4508475234220697,"profitFactor":0.6169321222274532,"expectancy":-0.8261930233212134,"maxDrawdownPct":37.516647830195275,"largestWinPct":6.852560861085035,"largestLossPct":-13.123262682418346},{"horizonDays":20,"sampleSize":24,"meanForwardReturnPct":-1.6118420062704484,"medianForwardReturnPct":-2.428851815833216,"pValue":0.2598201129655524,"pValueFdrAdjusted":0.6080285304833407,"significantAfterFdr":false,"bootstrapCiLower":-4.42511945985478,"bootstrapCiUpper":1.2280197730731908,"ciExcludesZero":false,"trainMeanReturnPct":0.26437855373358804,"testMeanReturnPct":-7.240503686282557,"sameSignOutOfSample":false,"passesAllThreeBars":false,"winRate":41.66666666666667,"avgWinPct":5.111565433909741,"avgLossPct":-6.414275892113442,"profitFactor":0.5692175123878837,"expectancy":-1.6118420062704484,"maxDrawdownPct":52.983058853087904,"largestWinPct":10.887108606978321,"largestLossPct":-19.014940931202222}],"reversionStats":null,"tradeLog":[{"dateKey":"2023-10-02","entryClose":321.82,"returnsByHorizon":[{"horizonDays":1,"returnPct":-2.5821888011932144},{"horizonDays":3,"returnPct":-0.733329190230568},{"horizonDays":5,"returnPct":2.513827605493764},{"horizonDays":10,"returnPct":3.359020570505252},{"horizonDays":20,"returnPct":4.838108259275369}],"isWin":true,"overnightGapPct":0.1266784899924101,"dayHigh":321.87,"dayLow":315.31,"dayHighTimeClock":null,"dayLowTimeClock":null,"daysToRevert":null,"maxAdverseExcursionPct":null},{"dateKey":"2023-10-25","entryClose":340.77,"returnsByHorizon":[{"horizonDays":1,"returnPct":-3.7532646653167725},{"horizonDays":3,"returnPct":-0.9918713501775379},{"horizonDays":5,"returnPct":1.5567684948792462},{"horizonDays":10,"returnPct":6.573348592892578},{"horizonDays":20,"returnPct":10.887108606978321}],"isWin":true,"overnightGapPct":4.3764933611590076,"dayHigh":346.09,"dayLow":337.75,"dayHighTimeClock":null,"dayLowTimeClock":null,"daysToRevert":null,"maxAdverseExcursionPct":null},{"dateKey":"2023-11-01","entryClose":346.075,"returnsByHorizon":[{"horizonDays":1,"returnPct":0.654482409882247},{"horizonDays":3,"returnPct":3.018131907823447},{"horizonDays":5,"returnPct":4.939680705049492},{"horizonDays":10,"returnPct":6.852560861085035},{"horizonDays":20,"returnPct":9.42714729466156}],"isWin":true,"overnightGapPct":0.5176902141758372,"dayHigh":347.355,"dayLow":339.7,"dayHighTimeClock":null,"dayLowTimeClock":null,"daysToRevert":null,"maxAdverseExcursionPct":null},{"dateKey":"2024-03-01","entryClose":415.35,"returnsByHorizon":[{"horizonDays":1,"returnPct":-0.11797279402913424},{"horizonDays":3,"returnPct":-3.214156735283501},{"horizonDays":5,"returnPct":-2.1957385337667037},{"horizonDays":10,"returnPct":0.28169014084506055},{"horizonDays":20,"returnPct":2.20296135789093}],"isWin":true,"overnightGapPct":-0.5684292003289687,"dayHigh":415.83,"dayLow":411.06,"dayHighTimeClock":null,"dayLowTimeClock":null,"daysToRevert":null,"maxAdverseExcursionPct":null},{"dateKey":"2024-06-12","entryClose":441.05,"returnsByHorizon":[{"horizonDays":1,"returnPct":0.10656388164606517},{"horizonDays":3,"returnPct":1.684616256660244},{"horizonDays":5,"returnPct":1.0361637002607398},{"horizonDays":10,"returnPct":2.609681442013375},{"horizonDays":20,"returnPct":2.689037524090242}],"isWin":true,"overnightGapPct":0.5801456142378476,"dayHigh":443.39,"dayLow":433.26,"dayHighTimeClock":null,"dayLowTimeClock":null,"daysToRevert":null,"maxAdverseExcursionPct":null},{"dateKey":"2024-06-27","entryClose":452.56,"returnsByHorizon":[{"horizonDays":1,"returnPct":-1.2683401095987292},{"horizonDays":3,"returnPct":1.5224500618702463},{"horizonDays":5,"returnPct":3.312267986565319},{"horizonDays":10,"returnPct":0.07733781156090302},{"horizonDays":20,"returnPct":-5.972688704260215}],"isWin":false,"overnightGapPct":-0.04090567372750238,"dayHigh":456.12,"dayLow":451.885,"dayHighTimeClock":null,"dayLowTimeClock":null,"daysToRevert":null,"maxAdverseExcursionPct":null},{"dateKey":"2024-10-22","entryClose":427.54,"returnsByHorizon":[{"horizonDays":1,"returnPct":-0.6970108060064597},{"horizonDays":3,"returnPct":0.16138840810216534},{"horizonDays":5,"returnPct":1.0829396079898945},{"horizonDays":10,"returnPct":-3.7727464096926595},{"horizonDays":20,"returnPct":-2.315572811900649}],"isWin":false,"overnightGapPct":-0.07519694437813267,"dayHigh":430.56,"dayLow":418.115,"dayHighTimeClock":null,"dayLowTimeClock":null,"daysToRevert":null,"maxAdverseExcursionPct":null},{"dateKey":"2024-11-14","entryClose":426.7,"returnsByHorizon":[{"horizonDays":1,"returnPct":-2.749003984063736},{"horizonDays":3,"returnPct":-2.1232716194047345},{"horizonDays":5,"returnPct":-3.2575580032809888},{"horizonDays":10,"returnPct":-0.7194750410124193},{"horizonDays":20,"returnPct":4.801968596203424}],"isWin":true,"overnightGapPct":-0.028225996142448265,"dayHigh":428.14,"dayLow":420.04,"dayHighTimeClock":null,"dayLowTimeClock":null,"daysToRevert":null,"maxAdverseExcursionPct":null},{"dateKey":"2024-11-26","entryClose":428.08,"returnsByHorizon":[{"horizonDays":1,"returnPct":-1.2707905064473926},{"horizonDays":3,"returnPct":0.6797794804709459},{"horizonDays":5,"returnPct":2.184171182956462},{"horizonDays":10,"returnPct":4.856568865632597},{"horizonDays":20,"returnPct":2.401420295271919}],